-- phpMyAdmin SQL Dump
-- version 5.2.0
-- https://www.phpmyadmin.net/
--
-- Host: localhost
-- Generation Time: Apr 18, 2023 at 08:39 PM
-- Server version: 10.4.27-MariaDB
-- PHP Version: 8.0.25

SET SQL_MODE = "NO_AUTO_VALUE_ON_ZERO";
START TRANSACTION;
SET time_zone = "+00:00";


/*!40101 SET @OLD_CHARACTER_SET_CLIENT=@@CHARACTER_SET_CLIENT */;
/*!40101 SET @OLD_CHARACTER_SET_RESULTS=@@CHARACTER_SET_RESULTS */;
/*!40101 SET @OLD_COLLATION_CONNECTION=@@COLLATION_CONNECTION */;
/*!40101 SET NAMES utf8mb4 */;

--
-- Database: `damsmsdb`
--
CREATE DATABASE IF NOT EXISTS `damsmsdb` DEFAULT CHARACTER SET utf8mb4 COLLATE utf8mb4_general_ci;
USE `damsmsdb`;

-- --------------------------------------------------------

--
-- Table structure for table `tblappointment`
--

CREATE TABLE `tblappointment` (
  `ID` int(10) NOT NULL,
  `AppointmentNumber` int(10) DEFAULT NULL,
  `Name` varchar(250) DEFAULT NULL,
  `MobileNumber` bigint(20) DEFAULT NULL,
  `Email` varchar(250) DEFAULT NULL,
  `AppointmentDate` date DEFAULT NULL,
  `AppointmentTime` time DEFAULT NULL,
  `Specialization` varchar(250) DEFAULT NULL,
  `Doctor` int(10) DEFAULT NULL,
  `Message` mediumtext DEFAULT NULL,
  `ApplyDate` timestamp NULL DEFAULT current_timestamp(),
  `Remark` varchar(250) DEFAULT NULL,
  `Status` varchar(250) DEFAULT NULL,
  `UpdationDate` timestamp NULL DEFAULT NULL ON UPDATE current_timestamp()
) ENGINE=InnoDB DEFAULT CHARSET=latin1 COLLATE=latin1_swedish_ci;

--
-- Dumping data for table `tblappointment`
--

INSERT INTO `tblappointment` (`ID`, `AppointmentNumber`, `Name`, `MobileNumber`, `Email`, `AppointmentDate`, `AppointmentTime`, `Specialization`, `Doctor`, `Message`, `ApplyDate`, `Remark`, `Status`, `UpdationDate`) VALUES
(1, 141561395, 'Rajesh Kaur', 989, 'raj@gmail.com', '2022-11-12', '12:41:00', '2', 2, 'Thanks', '2022-11-10 06:11:50', 'Cancelled due to incorrect mobile number', 'Cancelled', '2022-11-10 12:40:35'),
(2, 499219152, 'Mukesh Yadav', 7977797979, 'mukesh@gmail.com', '2022-11-13', '12:30:00', '2', 2, 'bmnbmngfugwakJDiowhfdgr', '2022-11-10 07:08:58', 'Your appointment has been approved, kindly came at mention time', 'Approved', '2022-11-10 12:34:41'),
(3, 485109480, 'Tina Yadav', 4654564464, 'tina@gmail.com', '2022-11-11', '13:00:00', '1', 1, 'bjnbjh', '2022-11-10 12:08:51', 'Appointment request has been approved', 'Approved', '2022-11-10 14:32:29'),
(4, 611388102, 'Jyoti', 7897987987, 'jyoti@gmail.com', '2022-11-12', '02:00:00', '1', 1, 'Thanks', '2022-11-10 14:31:17', NULL, NULL, NULL),
(5, 607441873, 'Anuj kumar', 1425362514, 'anujkkk@hmak.com', '2022-11-16', '20:50:00', '1', 1, 'NA', '2022-11-11 01:19:37', NULL, NULL, NULL),
(6, 667282012, 'Rahul', 1425251414, 'rk@gmail.com', '2022-11-15', '18:31:00', '2', 2, 'NA', '2022-11-11 01:48:52', 'Approved', 'Approved', '2022-11-11 07:24:25'),
(7, 599829368, 'Anita', 4563214563, 'anta@test.com', '2022-11-25', '15:20:00', '2', 2, 'NA', '2022-11-11 01:49:54', NULL, NULL, NULL),
(8, 940019123, 'Amit Kumar', 1425362514, 'amitkr123@test.com', '2022-11-15', '12:30:00', '13', 4, 'NA', '2022-11-11 01:56:17', 'Your appointment has been approved.', 'Approved', '2022-11-11 01:56:55'),
(9, 842842585, 'Rizwan Ali', 3045664859, 'rizwandiplana@gmail.com', '2023-04-12', '12:31:00', '4', 4, 'dsfdsfdsfds', '2023-04-10 07:31:50', NULL, NULL, NULL),
(10, 791054101, 'Rizwan Ali', 3045664859, 'rizideveloper@gmail.com', '2023-04-11', '12:32:00', '2', 2, 'sdfdsfds', '2023-04-10 07:32:57', NULL, NULL, NULL),
(11, 461194419, 'Rizwan Ali', 3045664859, 'rizwandiplana@gmail.com', '2023-04-11', '13:34:00', '2', 2, 'dsfsfsdfdsfds', '2023-04-10 07:33:53', NULL, NULL, NULL);

-- --------------------------------------------------------

--
-- Table structure for table `tbldoctor`
--

CREATE TABLE `tbldoctor` (
  `ID` int(5) NOT NULL,
  `FullName` varchar(250) DEFAULT NULL,
  `MobileNumber` bigint(10) DEFAULT NULL,
  `Email` varchar(250) DEFAULT NULL,
  `Specialization` varchar(250) DEFAULT NULL,
  `Password` varchar(259) DEFAULT NULL,
  `CreationDate` timestamp NULL DEFAULT current_timestamp()
) ENGINE=InnoDB DEFAULT CHARSET=latin1 COLLATE=latin1_swedish_ci;

--
-- Dumping data for table `tbldoctor`
--

INSERT INTO `tbldoctor` (`ID`, `FullName`, `MobileNumber`, `Email`, `Specialization`, `Password`, `CreationDate`) VALUES
(1, 'Dr. Anusakha Singh', 9787979798, 'anu@gmail.com', '1', 'f925916e2754e5e03f75dd58a5733251', '2022-11-09 15:01:11'),
(2, 'Dr. Pradeep Chauhan', 6464654646, 'pra@gmail.com', '2', '202cb962ac59075b964b07152d234b70', '2022-11-09 15:01:59'),
(3, 'Garima Singh', 14253625, 'gs123@test.com', '7', 'f925916e2754e5e03f75dd58a5733251', '2022-11-11 01:28:44'),
(4, 'Shiv Kumar Singh', 1231231230, 'skmr123@test.com', '4', 'f925916e2754e5e03f75dd58a5733251', '2022-11-11 01:54:44');

-- --------------------------------------------------------

--
-- Table structure for table `tblpage`
--

CREATE TABLE `tblpage` (
  `ID` int(10) NOT NULL,
  `PageType` varchar(200) DEFAULT NULL,
  `PageTitle` mediumtext DEFAULT NULL,
  `PageDescription` mediumtext DEFAULT NULL,
  `Email` varchar(200) DEFAULT NULL,
  `MobileNumber` bigint(10) DEFAULT NULL,
  `UpdationDate` date DEFAULT NULL,
  `Timing` varchar(200) NOT NULL
) ENGINE=InnoDB DEFAULT CHARSET=latin1 COLLATE=latin1_swedish_ci;

--
-- Dumping data for table `tblpage`
--

INSERT INTO `tblpage` (`ID`, `PageType`, `PageTitle`, `PageDescription`, `Email`, `MobileNumber`, `UpdationDate`, `Timing`) VALUES
(1, 'aboutus', 'About Us', '<div><font color=\"#202124\" face=\"arial, sans-serif\"><b>Our mission declares our purpose of existence as a company and our objectives.</b></font></div><div><font color=\"#202124\" face=\"arial, sans-serif\"><b><br></b></font></div><div><font color=\"#202124\" face=\"arial, sans-serif\"><b>To give every customer much more than what he/she asks for in terms of quality, selection, value for money and customer service, by understanding local tastes and preferences and innovating constantly to eventually provide an unmatched experience in jewellery shopping.</b></font></div>', NULL, NULL, NULL, ''),
(2, 'contactus', 'Contact Us', '890,Sector 62, Gyan Sarovar, GAIL Noida(Delhi/NCR)', 'info@gmail.com', 7896541239, NULL, '10:30 am to 7:30 pm');

-- --------------------------------------------------------

--
-- Table structure for table `tblspecialization`
--

CREATE TABLE `tblspecialization` (
  `ID` int(5) NOT NULL,
  `Specialization` varchar(250) DEFAULT NULL,
  `CreationDate` timestamp NULL DEFAULT current_timestamp()
) ENGINE=InnoDB DEFAULT CHARSET=latin1 COLLATE=latin1_swedish_ci;

--
-- Dumping data for table `tblspecialization`
--

INSERT INTO `tblspecialization` (`ID`, `Specialization`, `CreationDate`) VALUES
(1, 'Orthopedics', '2022-11-09 14:22:33'),
(2, 'Internal Medicine', '2022-11-09 14:23:42'),
(3, 'Obstetrics and Gynecology', '2022-11-09 14:24:14'),
(4, 'Dermatology', '2022-11-09 14:24:42'),
(5, 'Pediatrics', '2022-11-09 14:25:06'),
(6, 'Radiology', '2022-11-09 14:25:31'),
(7, 'General Surgery', '2022-11-09 14:25:52'),
(8, 'Ophthalmology', '2022-11-09 14:27:18'),
(9, 'Family Medicine', '2022-11-09 14:27:52'),
(10, 'Chest Medicine', '2022-11-09 14:28:32'),
(11, 'Anesthesia', '2022-11-09 14:29:12'),
(12, 'Pathology', '2022-11-09 14:29:51'),
(13, 'ENT', '2022-11-09 14:30:13');

--
-- Indexes for dumped tables
--

--
-- Indexes for table `tblappointment`
--
ALTER TABLE `tblappointment`
  ADD PRIMARY KEY (`ID`);

--
-- Indexes for table `tbldoctor`
--
ALTER TABLE `tbldoctor`
  ADD PRIMARY KEY (`ID`);

--
-- Indexes for table `tblpage`
--
ALTER TABLE `tblpage`
  ADD PRIMARY KEY (`ID`);

--
-- Indexes for table `tblspecialization`
--
ALTER TABLE `tblspecialization`
  ADD PRIMARY KEY (`ID`);

--
-- AUTO_INCREMENT for dumped tables
--

--
-- AUTO_INCREMENT for table `tblappointment`
--
ALTER TABLE `tblappointment`
  MODIFY `ID` int(10) NOT NULL AUTO_INCREMENT, AUTO_INCREMENT=12;

--
-- AUTO_INCREMENT for table `tbldoctor`
--
ALTER TABLE `tbldoctor`
  MODIFY `ID` int(5) NOT NULL AUTO_INCREMENT, AUTO_INCREMENT=5;

--
-- AUTO_INCREMENT for table `tblpage`
--
ALTER TABLE `tblpage`
  MODIFY `ID` int(10) NOT NULL AUTO_INCREMENT, AUTO_INCREMENT=3;

--
-- AUTO_INCREMENT for table `tblspecialization`
--
ALTER TABLE `tblspecialization`
  MODIFY `ID` int(5) NOT NULL AUTO_INCREMENT, AUTO_INCREMENT=14;
--
-- Database: `edoc`
--
CREATE DATABASE IF NOT EXISTS `edoc` DEFAULT CHARACTER SET utf8mb4 COLLATE utf8mb4_general_ci;
USE `edoc`;

-- --------------------------------------------------------

--
-- Table structure for table `admin`
--

CREATE TABLE `admin` (
  `aemail` varchar(255) NOT NULL,
  `apassword` varchar(255) DEFAULT NULL
) ENGINE=MyISAM DEFAULT CHARSET=latin1 COLLATE=latin1_swedish_ci;

--
-- Dumping data for table `admin`
--

INSERT INTO `admin` (`aemail`, `apassword`) VALUES
('admin@edoc.com', '123');

-- --------------------------------------------------------

--
-- Table structure for table `appointment`
--

CREATE TABLE `appointment` (
  `appoid` int(11) NOT NULL,
  `pid` int(10) DEFAULT NULL,
  `apponum` int(3) DEFAULT NULL,
  `appodate` date DEFAULT NULL,
  `apptime` time DEFAULT NULL,
  `speciality` varchar(255) DEFAULT NULL,
  `apptitle` varchar(255) DEFAULT NULL
) ENGINE=MyISAM DEFAULT CHARSET=latin1 COLLATE=latin1_swedish_ci;

--
-- Dumping data for table `appointment`
--

INSERT INTO `appointment` (`appoid`, `pid`, `apponum`, `appodate`, `apptime`, `speciality`, `apptitle`) VALUES
(19, 1, 3, '2023-04-19', '08:56:00', 'Allergology', 'sadsadsa');

-- --------------------------------------------------------

--
-- Table structure for table `doctor`
--

CREATE TABLE `doctor` (
  `docid` int(11) NOT NULL,
  `docemail` varchar(255) DEFAULT NULL,
  `docname` varchar(255) DEFAULT NULL,
  `docpassword` varchar(255) DEFAULT NULL,
  `docnic` varchar(15) DEFAULT NULL,
  `doctel` varchar(15) DEFAULT NULL,
  `specialties` int(2) DEFAULT NULL
) ENGINE=MyISAM DEFAULT CHARSET=latin1 COLLATE=latin1_swedish_ci;

--
-- Dumping data for table `doctor`
--

INSERT INTO `doctor` (`docid`, `docemail`, `docname`, `docpassword`, `docnic`, `doctel`, `specialties`) VALUES
(1, 'doctor@edoc.com', 'Test Doctor1', '123', '000000000', '0110000000', 1),
(2, 'rizwa435435ndiplana@gmail.com', 'Rizwan Ali', '123', '000000000', '0000002000', 7);

-- --------------------------------------------------------

--
-- Table structure for table `patient`
--

CREATE TABLE `patient` (
  `pid` int(11) NOT NULL,
  `pemail` varchar(255) DEFAULT NULL,
  `pname` varchar(255) DEFAULT NULL,
  `ppassword` varchar(255) DEFAULT NULL,
  `paddress` varchar(255) DEFAULT NULL,
  `pdob` date DEFAULT NULL,
  `ptel` varchar(15) DEFAULT NULL
) ENGINE=MyISAM DEFAULT CHARSET=latin1 COLLATE=latin1_swedish_ci;

--
-- Dumping data for table `patient`
--

INSERT INTO `patient` (`pid`, `pemail`, `pname`, `ppassword`, `paddress`, `pdob`, `ptel`) VALUES
(1, 'patient@edoc.com', 'Test Patient', '123', 'Sri Lanka', '2000-01-01', '0120000000'),
(2, 'emhashenudara@gmail.com', 'Hashen Udara', '123', 'Sri Lanka', '2022-06-03', '0700000000'),
(3, 'rizwanewrewrewrewdiplana@gmail.com', 'Rizwan Ali', '123', '43543543', '2023-04-18', '0000000000'),
(4, 'rizi@mail.com', 'Rizwan Ali', '123', 'dsfskdfdsf nds', '2023-04-14', '0000000000'),
(5, 'rizi1@mail.com', 'Rizwan Ali', '123', 'dsfskdfdsf nds', '2023-04-21', '0000000000');

-- --------------------------------------------------------

--
-- Table structure for table `RefreshersCourses`
--

CREATE TABLE `RefreshersCourses` (
  `id` int(11) NOT NULL,
  `title` varchar(255) NOT NULL,
  `file` varchar(255) NOT NULL
) ENGINE=InnoDB DEFAULT CHARSET=utf8mb4 COLLATE=utf8mb4_general_ci;

--
-- Dumping data for table `RefreshersCourses`
--

INSERT INTO `RefreshersCourses` (`id`, `title`, `file`) VALUES
(1, 'sdfds', 'Screenshot_2023-04-17_04_53_55.png'),
(2, 'sdfds', '14349779755.jpg'),
(3, 'sdfds', 'pexels-anna-shvets-4586726.jpg'),
(4, 'sdfds', 'Screenshot_2023-04-17_23-50-10.png');

-- --------------------------------------------------------

--
-- Table structure for table `schedule`
--

CREATE TABLE `schedule` (
  `scheduleid` int(11) NOT NULL,
  `docid` varchar(255) DEFAULT NULL,
  `title` varchar(255) DEFAULT NULL,
  `scheduledate` date DEFAULT NULL,
  `scheduletime` time DEFAULT NULL,
  `nop` int(4) DEFAULT NULL
) ENGINE=MyISAM DEFAULT CHARSET=latin1 COLLATE=latin1_swedish_ci;

-- --------------------------------------------------------

--
-- Table structure for table `specialties`
--

CREATE TABLE `specialties` (
  `id` int(2) NOT NULL,
  `sname` varchar(50) DEFAULT NULL
) ENGINE=MyISAM DEFAULT CHARSET=latin1 COLLATE=latin1_swedish_ci;

--
-- Dumping data for table `specialties`
--

INSERT INTO `specialties` (`id`, `sname`) VALUES
(1, 'Accident and emergency medicine'),
(2, 'Allergology'),
(3, 'Anaesthetics'),
(4, 'Biological hematology'),
(5, 'Cardiology'),
(6, 'Child psychiatry'),
(7, 'Clinical biology'),
(8, 'Clinical chemistry'),
(9, 'Clinical neurophysiology'),
(10, 'Clinical radiology'),
(11, 'Dental, oral and maxillo-facial surgery'),
(12, 'Dermato-venerology'),
(13, 'Dermatology'),
(14, 'Endocrinology'),
(15, 'Gastro-enterologic surgery'),
(16, 'Gastroenterology'),
(17, 'General hematology'),
(18, 'General Practice'),
(19, 'General surgery'),
(20, 'Geriatrics'),
(21, 'Immunology'),
(22, 'Infectious diseases'),
(23, 'Internal medicine'),
(24, 'Laboratory medicine'),
(25, 'Maxillo-facial surgery'),
(26, 'Microbiology'),
(27, 'Nephrology'),
(28, 'Neuro-psychiatry'),
(29, 'Neurology'),
(30, 'Neurosurgery'),
(31, 'Nuclear medicine'),
(32, 'Obstetrics and gynecology'),
(33, 'Occupational medicine'),
(34, 'Ophthalmology'),
(35, 'Orthopaedics'),
(36, 'Otorhinolaryngology'),
(37, 'Paediatric surgery'),
(38, 'Paediatrics'),
(39, 'Pathology'),
(40, 'Pharmacology'),
(41, 'Physical medicine and rehabilitation'),
(42, 'Plastic surgery'),
(43, 'Podiatric Medicine'),
(44, 'Podiatric Surgery'),
(45, 'Psychiatry'),
(46, 'Public health and Preventive Medicine'),
(47, 'Radiology'),
(48, 'Radiotherapy'),
(49, 'Respiratory medicine'),
(50, 'Rheumatology'),
(51, 'Stomatology'),
(52, 'Thoracic surgery'),
(53, 'Tropical medicine'),
(54, 'Urology'),
(55, 'Vascular surgery'),
(56, 'Venereology');

-- --------------------------------------------------------

--
-- Table structure for table `webuser`
--

CREATE TABLE `webuser` (
  `email` varchar(255) NOT NULL,
  `usertype` char(1) DEFAULT NULL
) ENGINE=MyISAM DEFAULT CHARSET=latin1 COLLATE=latin1_swedish_ci;

--
-- Dumping data for table `webuser`
--

INSERT INTO `webuser` (`email`, `usertype`) VALUES
('admin@edoc.com', 'a'),
('doctor@edoc.com', 'd'),
('patient@edoc.com', 'p'),
('emhashenudara@gmail.com', 'p'),
('rizwandiplana@gmail.com', 'd'),
('rizwa435435ndiplana@gmail.com', 'd'),
('rizwanewrewrewrewdiplana@gmail.com', 'p'),
('rizideveloper@gmail.com', 'p'),
('rizwanalidiplana@gmail.com', 'p'),
('rizi@mail.com', 'p'),
('rizi1@mail.com', 'p');

--
-- Indexes for dumped tables
--

--
-- Indexes for table `admin`
--
ALTER TABLE `admin`
  ADD PRIMARY KEY (`aemail`);

--
-- Indexes for table `appointment`
--
ALTER TABLE `appointment`
  ADD PRIMARY KEY (`appoid`),
  ADD KEY `pid` (`pid`);

--
-- Indexes for table `doctor`
--
ALTER TABLE `doctor`
  ADD PRIMARY KEY (`docid`),
  ADD KEY `specialties` (`specialties`);

--
-- Indexes for table `patient`
--
ALTER TABLE `patient`
  ADD PRIMARY KEY (`pid`);

--
-- Indexes for table `RefreshersCourses`
--
ALTER TABLE `RefreshersCourses`
  ADD PRIMARY KEY (`id`);

--
-- Indexes for table `schedule`
--
ALTER TABLE `schedule`
  ADD PRIMARY KEY (`scheduleid`),
  ADD KEY `docid` (`docid`);

--
-- Indexes for table `specialties`
--
ALTER TABLE `specialties`
  ADD PRIMARY KEY (`id`);

--
-- Indexes for table `webuser`
--
ALTER TABLE `webuser`
  ADD PRIMARY KEY (`email`);

--
-- AUTO_INCREMENT for dumped tables
--

--
-- AUTO_INCREMENT for table `appointment`
--
ALTER TABLE `appointment`
  MODIFY `appoid` int(11) NOT NULL AUTO_INCREMENT, AUTO_INCREMENT=21;

--
-- AUTO_INCREMENT for table `doctor`
--
ALTER TABLE `doctor`
  MODIFY `docid` int(11) NOT NULL AUTO_INCREMENT, AUTO_INCREMENT=3;

--
-- AUTO_INCREMENT for table `patient`
--
ALTER TABLE `patient`
  MODIFY `pid` int(11) NOT NULL AUTO_INCREMENT, AUTO_INCREMENT=6;

--
-- AUTO_INCREMENT for table `RefreshersCourses`
--
ALTER TABLE `RefreshersCourses`
  MODIFY `id` int(11) NOT NULL AUTO_INCREMENT, AUTO_INCREMENT=5;

--
-- AUTO_INCREMENT for table `schedule`
--
ALTER TABLE `schedule`
  MODIFY `scheduleid` int(11) NOT NULL AUTO_INCREMENT, AUTO_INCREMENT=11;
--
-- Database: `phpmyadmin`
--
CREATE DATABASE IF NOT EXISTS `phpmyadmin` DEFAULT CHARACTER SET utf8 COLLATE utf8_bin;
USE `phpmyadmin`;

-- --------------------------------------------------------

--
-- Table structure for table `pma__bookmark`
--

CREATE TABLE `pma__bookmark` (
  `id` int(11) NOT NULL,
  `dbase` varchar(255) NOT NULL DEFAULT '',
  `user` varchar(255) NOT NULL DEFAULT '',
  `label` varchar(255) CHARACTER SET utf8 COLLATE utf8_general_ci NOT NULL DEFAULT '',
  `query` text NOT NULL
) ENGINE=InnoDB DEFAULT CHARSET=utf8 COLLATE=utf8_bin COMMENT='Bookmarks';

-- --------------------------------------------------------

--
-- Table structure for table `pma__central_columns`
--

CREATE TABLE `pma__central_columns` (
  `db_name` varchar(64) NOT NULL,
  `col_name` varchar(64) NOT NULL,
  `col_type` varchar(64) NOT NULL,
  `col_length` text DEFAULT NULL,
  `col_collation` varchar(64) NOT NULL,
  `col_isNull` tinyint(1) NOT NULL,
  `col_extra` varchar(255) DEFAULT '',
  `col_default` text DEFAULT NULL
) ENGINE=InnoDB DEFAULT CHARSET=utf8 COLLATE=utf8_bin COMMENT='Central list of columns';

-- --------------------------------------------------------

--
-- Table structure for table `pma__column_info`
--

CREATE TABLE `pma__column_info` (
  `id` int(5) UNSIGNED NOT NULL,
  `db_name` varchar(64) NOT NULL DEFAULT '',
  `table_name` varchar(64) NOT NULL DEFAULT '',
  `column_name` varchar(64) NOT NULL DEFAULT '',
  `comment` varchar(255) CHARACTER SET utf8 COLLATE utf8_general_ci NOT NULL DEFAULT '',
  `mimetype` varchar(255) CHARACTER SET utf8 COLLATE utf8_general_ci NOT NULL DEFAULT '',
  `transformation` varchar(255) NOT NULL DEFAULT '',
  `transformation_options` varchar(255) NOT NULL DEFAULT '',
  `input_transformation` varchar(255) NOT NULL DEFAULT '',
  `input_transformation_options` varchar(255) NOT NULL DEFAULT ''
) ENGINE=InnoDB DEFAULT CHARSET=utf8 COLLATE=utf8_bin COMMENT='Column information for phpMyAdmin';

-- --------------------------------------------------------

--
-- Table structure for table `pma__designer_settings`
--

CREATE TABLE `pma__designer_settings` (
  `username` varchar(64) NOT NULL,
  `settings_data` text NOT NULL
) ENGINE=InnoDB DEFAULT CHARSET=utf8 COLLATE=utf8_bin COMMENT='Settings related to Designer';

-- --------------------------------------------------------

--
-- Table structure for table `pma__export_templates`
--

CREATE TABLE `pma__export_templates` (
  `id` int(5) UNSIGNED NOT NULL,
  `username` varchar(64) NOT NULL,
  `export_type` varchar(10) NOT NULL,
  `template_name` varchar(64) NOT NULL,
  `template_data` text NOT NULL
) ENGINE=InnoDB DEFAULT CHARSET=utf8 COLLATE=utf8_bin COMMENT='Saved export templates';

-- --------------------------------------------------------

--
-- Table structure for table `pma__favorite`
--

CREATE TABLE `pma__favorite` (
  `username` varchar(64) NOT NULL,
  `tables` text NOT NULL
) ENGINE=InnoDB DEFAULT CHARSET=utf8 COLLATE=utf8_bin COMMENT='Favorite tables';

-- --------------------------------------------------------

--
-- Table structure for table `pma__history`
--

CREATE TABLE `pma__history` (
  `id` bigint(20) UNSIGNED NOT NULL,
  `username` varchar(64) NOT NULL DEFAULT '',
  `db` varchar(64) NOT NULL DEFAULT '',
  `table` varchar(64) NOT NULL DEFAULT '',
  `timevalue` timestamp NOT NULL DEFAULT current_timestamp(),
  `sqlquery` text NOT NULL
) ENGINE=InnoDB DEFAULT CHARSET=utf8 COLLATE=utf8_bin COMMENT='SQL history for phpMyAdmin';

-- --------------------------------------------------------

--
-- Table structure for table `pma__navigationhiding`
--

CREATE TABLE `pma__navigationhiding` (
  `username` varchar(64) NOT NULL,
  `item_name` varchar(64) NOT NULL,
  `item_type` varchar(64) NOT NULL,
  `db_name` varchar(64) NOT NULL,
  `table_name` varchar(64) NOT NULL
) ENGINE=InnoDB DEFAULT CHARSET=utf8 COLLATE=utf8_bin COMMENT='Hidden items of navigation tree';

-- --------------------------------------------------------

--
-- Table structure for table `pma__pdf_pages`
--

CREATE TABLE `pma__pdf_pages` (
  `db_name` varchar(64) NOT NULL DEFAULT '',
  `page_nr` int(10) UNSIGNED NOT NULL,
  `page_descr` varchar(50) CHARACTER SET utf8 COLLATE utf8_general_ci NOT NULL DEFAULT ''
) ENGINE=InnoDB DEFAULT CHARSET=utf8 COLLATE=utf8_bin COMMENT='PDF relation pages for phpMyAdmin';

-- --------------------------------------------------------

--
-- Table structure for table `pma__recent`
--

CREATE TABLE `pma__recent` (
  `username` varchar(64) NOT NULL,
  `tables` text NOT NULL
) ENGINE=InnoDB DEFAULT CHARSET=utf8 COLLATE=utf8_bin COMMENT='Recently accessed tables';

--
-- Dumping data for table `pma__recent`
--

INSERT INTO `pma__recent` (`username`, `tables`) VALUES
('root', '[{\"db\":\"edoc\",\"table\":\"RefreshersCourses\"},{\"db\":\"edoc\",\"table\":\"appointment\"},{\"db\":\"edoc\",\"table\":\"schedule\"},{\"db\":\"edoc\",\"table\":\"patient\"},{\"db\":\"edoc\",\"table\":\"webuser\"},{\"db\":\"edoc\",\"table\":\"specialties\"},{\"db\":\"edoc\",\"table\":\"admin\"},{\"db\":\"edoc\",\"table\":\"doctor\"},{\"db\":\"damsmsdb\",\"table\":\"tblappointment\"},{\"db\":\"damsmsdb\",\"table\":\"tbldoctor\"}]');

-- --------------------------------------------------------

--
-- Table structure for table `pma__relation`
--

CREATE TABLE `pma__relation` (
  `master_db` varchar(64) NOT NULL DEFAULT '',
  `master_table` varchar(64) NOT NULL DEFAULT '',
  `master_field` varchar(64) NOT NULL DEFAULT '',
  `foreign_db` varchar(64) NOT NULL DEFAULT '',
  `foreign_table` varchar(64) NOT NULL DEFAULT '',
  `foreign_field` varchar(64) NOT NULL DEFAULT ''
) ENGINE=InnoDB DEFAULT CHARSET=utf8 COLLATE=utf8_bin COMMENT='Relation table';

-- --------------------------------------------------------

--
-- Table structure for table `pma__savedsearches`
--

CREATE TABLE `pma__savedsearches` (
  `id` int(5) UNSIGNED NOT NULL,
  `username` varchar(64) NOT NULL DEFAULT '',
  `db_name` varchar(64) NOT NULL DEFAULT '',
  `search_name` varchar(64) NOT NULL DEFAULT '',
  `search_data` text NOT NULL
) ENGINE=InnoDB DEFAULT CHARSET=utf8 COLLATE=utf8_bin COMMENT='Saved searches';

-- --------------------------------------------------------

--
-- Table structure for table `pma__table_coords`
--

CREATE TABLE `pma__table_coords` (
  `db_name` varchar(64) NOT NULL DEFAULT '',
  `table_name` varchar(64) NOT NULL DEFAULT '',
  `pdf_page_number` int(11) NOT NULL DEFAULT 0,
  `x` float UNSIGNED NOT NULL DEFAULT 0,
  `y` float UNSIGNED NOT NULL DEFAULT 0
) ENGINE=InnoDB DEFAULT CHARSET=utf8 COLLATE=utf8_bin COMMENT='Table coordinates for phpMyAdmin PDF output';

-- --------------------------------------------------------

--
-- Table structure for table `pma__table_info`
--

CREATE TABLE `pma__table_info` (
  `db_name` varchar(64) NOT NULL DEFAULT '',
  `table_name` varchar(64) NOT NULL DEFAULT '',
  `display_field` varchar(64) NOT NULL DEFAULT ''
) ENGINE=InnoDB DEFAULT CHARSET=utf8 COLLATE=utf8_bin COMMENT='Table information for phpMyAdmin';

-- --------------------------------------------------------

--
-- Table structure for table `pma__table_uiprefs`
--

CREATE TABLE `pma__table_uiprefs` (
  `username` varchar(64) NOT NULL,
  `db_name` varchar(64) NOT NULL,
  `table_name` varchar(64) NOT NULL,
  `prefs` text NOT NULL,
  `last_update` timestamp NOT NULL DEFAULT current_timestamp() ON UPDATE current_timestamp()
) ENGINE=InnoDB DEFAULT CHARSET=utf8 COLLATE=utf8_bin COMMENT='Tables'' UI preferences';

-- --------------------------------------------------------

--
-- Table structure for table `pma__tracking`
--

CREATE TABLE `pma__tracking` (
  `db_name` varchar(64) NOT NULL,
  `table_name` varchar(64) NOT NULL,
  `version` int(10) UNSIGNED NOT NULL,
  `date_created` datetime NOT NULL,
  `date_updated` datetime NOT NULL,
  `schema_snapshot` text NOT NULL,
  `schema_sql` text DEFAULT NULL,
  `data_sql` longtext DEFAULT NULL,
  `tracking` set('UPDATE','REPLACE','INSERT','DELETE','TRUNCATE','CREATE DATABASE','ALTER DATABASE','DROP DATABASE','CREATE TABLE','ALTER TABLE','RENAME TABLE','DROP TABLE','CREATE INDEX','DROP INDEX','CREATE VIEW','ALTER VIEW','DROP VIEW') DEFAULT NULL,
  `tracking_active` int(1) UNSIGNED NOT NULL DEFAULT 1
) ENGINE=InnoDB DEFAULT CHARSET=utf8 COLLATE=utf8_bin COMMENT='Database changes tracking for phpMyAdmin';

-- --------------------------------------------------------

--
-- Table structure for table `pma__userconfig`
--

CREATE TABLE `pma__userconfig` (
  `username` varchar(64) NOT NULL,
  `timevalue` timestamp NOT NULL DEFAULT current_timestamp() ON UPDATE current_timestamp(),
  `config_data` text NOT NULL
) ENGINE=InnoDB DEFAULT CHARSET=utf8 COLLATE=utf8_bin COMMENT='User preferences storage for phpMyAdmin';

--
-- Dumping data for table `pma__userconfig`
--

INSERT INTO `pma__userconfig` (`username`, `timevalue`, `config_data`) VALUES
('root', '2023-04-18 18:39:16', '{\"Console\\/Mode\":\"collapse\"}');

-- --------------------------------------------------------

--
-- Table structure for table `pma__usergroups`
--

CREATE TABLE `pma__usergroups` (
  `usergroup` varchar(64) NOT NULL,
  `tab` varchar(64) NOT NULL,
  `allowed` enum('Y','N') NOT NULL DEFAULT 'N'
) ENGINE=InnoDB DEFAULT CHARSET=utf8 COLLATE=utf8_bin COMMENT='User groups with configured menu items';

-- --------------------------------------------------------

--
-- Table structure for table `pma__users`
--

CREATE TABLE `pma__users` (
  `username` varchar(64) NOT NULL,
  `usergroup` varchar(64) NOT NULL
) ENGINE=InnoDB DEFAULT CHARSET=utf8 COLLATE=utf8_bin COMMENT='Users and their assignments to user groups';

--
-- Indexes for dumped tables
--

--
-- Indexes for table `pma__bookmark`
--
ALTER TABLE `pma__bookmark`
  ADD PRIMARY KEY (`id`);

--
-- Indexes for table `pma__central_columns`
--
ALTER TABLE `pma__central_columns`
  ADD PRIMARY KEY (`db_name`,`col_name`);

--
-- Indexes for table `pma__column_info`
--
ALTER TABLE `pma__column_info`
  ADD PRIMARY KEY (`id`),
  ADD UNIQUE KEY `db_name` (`db_name`,`table_name`,`column_name`);

--
-- Indexes for table `pma__designer_settings`
--
ALTER TABLE `pma__designer_settings`
  ADD PRIMARY KEY (`username`);

--
-- Indexes for table `pma__export_templates`
--
ALTER TABLE `pma__export_templates`
  ADD PRIMARY KEY (`id`),
  ADD UNIQUE KEY `u_user_type_template` (`username`,`export_type`,`template_name`);

--
-- Indexes for table `pma__favorite`
--
ALTER TABLE `pma__favorite`
  ADD PRIMARY KEY (`username`);

--
-- Indexes for table `pma__history`
--
ALTER TABLE `pma__history`
  ADD PRIMARY KEY (`id`),
  ADD KEY `username` (`username`,`db`,`table`,`timevalue`);

--
-- Indexes for table `pma__navigationhiding`
--
ALTER TABLE `pma__navigationhiding`
  ADD PRIMARY KEY (`username`,`item_name`,`item_type`,`db_name`,`table_name`);

--
-- Indexes for table `pma__pdf_pages`
--
ALTER TABLE `pma__pdf_pages`
  ADD PRIMARY KEY (`page_nr`),
  ADD KEY `db_name` (`db_name`);

--
-- Indexes for table `pma__recent`
--
ALTER TABLE `pma__recent`
  ADD PRIMARY KEY (`username`);

--
-- Indexes for table `pma__relation`
--
ALTER TABLE `pma__relation`
  ADD PRIMARY KEY (`master_db`,`master_table`,`master_field`),
  ADD KEY `foreign_field` (`foreign_db`,`foreign_table`);

--
-- Indexes for table `pma__savedsearches`
--
ALTER TABLE `pma__savedsearches`
  ADD PRIMARY KEY (`id`),
  ADD UNIQUE KEY `u_savedsearches_username_dbname` (`username`,`db_name`,`search_name`);

--
-- Indexes for table `pma__table_coords`
--
ALTER TABLE `pma__table_coords`
  ADD PRIMARY KEY (`db_name`,`table_name`,`pdf_page_number`);

--
-- Indexes for table `pma__table_info`
--
ALTER TABLE `pma__table_info`
  ADD PRIMARY KEY (`db_name`,`table_name`);

--
-- Indexes for table `pma__table_uiprefs`
--
ALTER TABLE `pma__table_uiprefs`
  ADD PRIMARY KEY (`username`,`db_name`,`table_name`);

--
-- Indexes for table `pma__tracking`
--
ALTER TABLE `pma__tracking`
  ADD PRIMARY KEY (`db_name`,`table_name`,`version`);

--
-- Indexes for table `pma__userconfig`
--
ALTER TABLE `pma__userconfig`
  ADD PRIMARY KEY (`username`);

--
-- Indexes for table `pma__usergroups`
--
ALTER TABLE `pma__usergroups`
  ADD PRIMARY KEY (`usergroup`,`tab`,`allowed`);

--
-- Indexes for table `pma__users`
--
ALTER TABLE `pma__users`
  ADD PRIMARY KEY (`username`,`usergroup`);

--
-- AUTO_INCREMENT for dumped tables
--

--
-- AUTO_INCREMENT for table `pma__bookmark`
--
ALTER TABLE `pma__bookmark`
  MODIFY `id` int(11) NOT NULL AUTO_INCREMENT;

--
-- AUTO_INCREMENT for table `pma__column_info`
--
ALTER TABLE `pma__column_info`
  MODIFY `id` int(5) UNSIGNED NOT NULL AUTO_INCREMENT;

--
-- AUTO_INCREMENT for table `pma__export_templates`
--
ALTER TABLE `pma__export_templates`
  MODIFY `id` int(5) UNSIGNED NOT NULL AUTO_INCREMENT;

--
-- AUTO_INCREMENT for table `pma__history`
--
ALTER TABLE `pma__history`
  MODIFY `id` bigint(20) UNSIGNED NOT NULL AUTO_INCREMENT;

--
-- AUTO_INCREMENT for table `pma__pdf_pages`
--
ALTER TABLE `pma__pdf_pages`
  MODIFY `page_nr` int(10) UNSIGNED NOT NULL AUTO_INCREMENT;

--
-- AUTO_INCREMENT for table `pma__savedsearches`
--
ALTER TABLE `pma__savedsearches`
  MODIFY `id` int(5) UNSIGNED NOT NULL AUTO_INCREMENT;
--
-- Database: `test`
--
CREATE DATABASE IF NOT EXISTS `test` DEFAULT CHARACTER SET utf8mb4 COLLATE utf8mb4_general_ci;
USE `test`;
COMMIT;

/*!40101 SET CHARACTER_SET_CLIENT=@OLD_CHARACTER_SET_CLIENT */;
/*!40101 SET CHARACTER_SET_RESULTS=@OLD_CHARACTER_SET_RESULTS */;
/*!40101 SET COLLATION_CONNECTION=@OLD_COLLATION_CONNECTION */;
